municipality,muni_code,tax_year,millage,land_millage
Aleppo Township,901,2018,3.5,NA
Aleppo Township,901,2019,3.5,NA
Aleppo Township,901,2020,3.5,NA
Aleppo Township,901,2021,3.5,NA
Aleppo Township,901,2022,3.5,NA
Aleppo Township,901,2023,3.5,NA
Aleppo Township,901,2024,3.5,NA
Aleppo Township,901,2025,3.5,NA
Aspinwall Borough,801,2018,5.86,NA
Aspinwall Borough,801,2019,6.86,NA
Aspinwall Borough,801,2020,6.86,NA
Aspinwall Borough,801,2021,6.86,NA
Aspinwall Borough,801,2022,6.86,NA
Aspinwall Borough,801,2023,6.86,NA
Aspinwall Borough,801,2024,8.36,NA
Aspinwall Borough,801,2025,8.36,NA
Avalon Borough,802,2018,9.83,NA
Avalon Borough,802,2019,9.83,NA
Avalon Borough,802,2020,9.83,NA
Avalon Borough,802,2021,9.83,NA
Avalon Borough,802,2022,9.83,NA
Avalon Borough,802,2023,9.83,NA
Avalon Borough,802,2024,9.83,NA
Avalon Borough,802,2025,9.83,NA
Baldwin Borough,877,2018,6.28,NA
Baldwin Borough,877,2019,6.78,NA
Baldwin Borough,877,2020,6.78,NA
Baldwin Borough,877,2021,6.78,NA
Baldwin Borough,877,2022,6.78,NA
Baldwin Borough,877,2023,6.78,NA
Baldwin Borough,877,2024,8.03,NA
Baldwin Borough,877,2025,8.03,NA
Baldwin Township,902,2018,7.8,NA
Baldwin Township,902,2019,7.8,NA
Baldwin Township,902,2020,7.8,NA
Baldwin Township,902,2021,8.8,NA
Baldwin Township,902,2022,9.8,NA
Baldwin Township,902,2023,9.8,NA
Baldwin Township,902,2024,9.8,NA
Baldwin Township,902,2025,9.8,NA
Bell Acres Borough,883,2018,4.32,NA
Bell Acres Borough,883,2019,4.32,NA
Bell Acres Borough,883,2020,4.32,NA
Bell Acres Borough,883,2021,4.32,NA
Bell Acres Borough,883,2022,4.32,NA
Bell Acres Borough,883,2023,4.82,NA
Bell Acres Borough,883,2024,4.82,NA
Bell Acres Borough,883,2025,4.82,NA
Bellevue Borough,803,2018,4.89,NA
Bellevue Borough,803,2019,4.89,NA
Bellevue Borough,803,2020,4.89,NA
Bellevue Borough,803,2021,4.89,NA
Bellevue Borough,803,2022,4.89,NA
Bellevue Borough,803,2023,4.89,NA
Bellevue Borough,803,2024,5.89,NA
Bellevue Borough,803,2025,5.89,NA
Ben Avon Borough,804,2018,4.36,NA
Ben Avon Borough,804,2019,4.35,NA
Ben Avon Borough,804,2020,4.27,NA
Ben Avon Borough,804,2021,5.07,NA
Ben Avon Borough,804,2022,4.92,NA
Ben Avon Borough,804,2023,4.92,NA
Ben Avon Borough,804,2024,4.88,NA
Ben Avon Borough,804,2025,5.5,NA
Ben Avon Heights Borough,805,2018,7.95,NA
Ben Avon Heights Borough,805,2019,7.95,NA
Ben Avon Heights Borough,805,2020,7.95,NA
Ben Avon Heights Borough,805,2021,7.95,NA
Ben Avon Heights Borough,805,2022,7.95,NA
Ben Avon Heights Borough,805,2023,7.95,NA
Ben Avon Heights Borough,805,2024,7.95,NA
Ben Avon Heights Borough,805,2025,7.95,NA
Bethel Park,876,2018,2.53,NA
Bethel Park,876,2019,2.78,NA
Bethel Park,876,2020,2.78,NA
Bethel Park,876,2021,2.78,NA
Bethel Park,876,2022,2.78,NA
Bethel Park,876,2023,2.78,NA
Bethel Park,876,2024,3.53,NA
Bethel Park,876,2025,3.53,NA
Blawnox Borough,806,2018,9.85,NA
Blawnox Borough,806,2019,9.85,NA
Blawnox Borough,806,2020,9.85,NA
Blawnox Borough,806,2021,9.85,NA
Blawnox Borough,806,2022,9.85,NA
Blawnox Borough,806,2023,10.85,NA
Blawnox Borough,806,2024,10.85,NA
Blawnox Borough,806,2025,10.85,NA
Brackenridge Borough,807,2018,6.25,NA
Brackenridge Borough,807,2019,6.25,NA
Brackenridge Borough,807,2020,6.25,NA
Brackenridge Borough,807,2021,6.25,NA
Brackenridge Borough,807,2022,6.25,NA
Brackenridge Borough,807,2023,6.25,NA
Brackenridge Borough,807,2024,6.25,NA
Brackenridge Borough,807,2025,7,NA
Braddock Borough,808,2018,13.65,NA
Braddock Borough,808,2019,13.65,NA
Braddock Borough,808,2020,13.65,NA
Braddock Borough,808,2021,13.65,NA
Braddock Borough,808,2022,13.65,NA
Braddock Borough,808,2023,13.65,NA
Braddock Borough,808,2024,13.65,NA
Braddock Borough,808,2025,13.65,NA
Braddock Hills Borough,872,2018,8.205,NA
Braddock Hills Borough,872,2019,8.205,NA
Braddock Hills Borough,872,2020,8.205,NA
Braddock Hills Borough,872,2021,8.205,NA
Braddock Hills Borough,872,2022,8.205,NA
Braddock Hills Borough,872,2023,8.205,NA
Braddock Hills Borough,872,2024,8.205,NA
Braddock Hills Borough,872,2025,9.4,NA
Bradford Woods Borough,809,2018,2.483,NA
Bradford Woods Borough,809,2019,2.483,NA
Bradford Woods Borough,809,2020,3.375,NA
Bradford Woods Borough,809,2021,3.375,NA
Bradford Woods Borough,809,2022,3.375,NA
Bradford Woods Borough,809,2023,3.375,NA
Bradford Woods Borough,809,2024,3.375,NA
Bradford Woods Borough,809,2025,3.375,NA
Brentwood Borough,810,2018,10,NA
Brentwood Borough,810,2019,10,NA
Brentwood Borough,810,2020,10,NA
Brentwood Borough,810,2021,10,NA
Brentwood Borough,810,2022,10,NA
Brentwood Borough,810,2023,10,NA
Brentwood Borough,810,2024,10,NA
Brentwood Borough,810,2025,10,NA
Bridgeville Borough,811,2018,5.5,NA
Bridgeville Borough,811,2019,8.25,NA
Bridgeville Borough,811,2020,8.25,NA
Bridgeville Borough,811,2021,8.25,NA
Bridgeville Borough,811,2022,8.25,NA
Bridgeville Borough,811,2023,8.25,NA
Bridgeville Borough,811,2024,8.25,NA
Bridgeville Borough,811,2025,8.25,NA
Carnegie Borough,812,2018,6.75,NA
Carnegie Borough,812,2019,6.75,NA
Carnegie Borough,812,2020,6.75,NA
Carnegie Borough,812,2021,6.75,NA
Carnegie Borough,812,2022,7,NA
Carnegie Borough,812,2023,7.25,NA
Carnegie Borough,812,2024,7.5,NA
Carnegie Borough,812,2025,8,NA
Castle Shannon Borough,813,2018,8.385,NA
Castle Shannon Borough,813,2019,9.1789,NA
Castle Shannon Borough,813,2020,9.658,NA
Castle Shannon Borough,813,2021,9.658,NA
Castle Shannon Borough,813,2022,9.658,NA
Castle Shannon Borough,813,2023,9.658,NA
Castle Shannon Borough,813,2024,12.158,NA
Castle Shannon Borough,813,2025,12.158,NA
Chalfant Borough,814,2018,8.4,NA
Chalfant Borough,814,2019,8.4,NA
Chalfant Borough,814,2020,8.9,NA
Chalfant Borough,814,2021,8.9,NA
Chalfant Borough,814,2022,8.9,NA
Chalfant Borough,814,2023,8.9,NA
Chalfant Borough,814,2024,8.9,NA
Chalfant Borough,814,2025,8.9,NA
Cheswick Borough,815,2018,5.85,NA
Cheswick Borough,815,2019,5.85,NA
Cheswick Borough,815,2020,5.85,NA
Cheswick Borough,815,2021,5.85,NA
Cheswick Borough,815,2022,5.85,NA
Cheswick Borough,815,2023,5.85,NA
Cheswick Borough,815,2024,5.85,NA
Cheswick Borough,815,2025,5.85,NA
Churchill Borough,816,2018,6.48,NA
Churchill Borough,816,2019,6.48,NA
Churchill Borough,816,2020,7.48,NA
Churchill Borough,816,2021,8,NA
Churchill Borough,816,2022,8,NA
Churchill Borough,816,2023,8,NA
Churchill Borough,816,2024,8,NA
Churchill Borough,816,2025,9,NA
City of Clairton,200,2018,3.5,33
City of Clairton,200,2019,3.5,33
City of Clairton,200,2020,33,3.5
City of Clairton,200,2021,33,3.5
City of Clairton,200,2022,33,3.5
City of Clairton,200,2023,33,3.5
City of Clairton,200,2024,35,3.5
City of Clairton,200,2025,35,3.5
City of Duquesne,300,2018,13.5,18.5
City of Duquesne,300,2019,13.5,18.5
City of Duquesne,300,2020,20.5,15.5
City of Duquesne,300,2021,20.5,15.5
City of Duquesne,300,2022,20.5,15.5
City of Duquesne,300,2023,20,NA
City of Duquesne,300,2024,20,NA
City of Duquesne,300,2025,20,NA
City of McKeesport,400,2018,6.26,18.5
City of McKeesport,400,2019,6.26,18.5
City of McKeesport,400,2020,20.5,8.26
City of McKeesport,400,2021,20.5,8.26
City of McKeesport,400,2022,20.5,8.26
City of McKeesport,400,2023,20.5,8.26
City of McKeesport,400,2024,20.5,8.26
City of McKeesport,400,2025,20.5,8.26
City of Pittsburgh,100,2018,8.06,NA
City of Pittsburgh,100,2019,8.06,NA
City of Pittsburgh,100,2020,8.06,NA
City of Pittsburgh,100,2021,8.06,NA
City of Pittsburgh,100,2022,8.06,NA
City of Pittsburgh,100,2023,8.06,NA
City of Pittsburgh,100,2024,8.06,NA
City of Pittsburgh,100,2025,8.06,NA
Collier Township,905,2018,3.13,NA
Collier Township,905,2019,4.1,NA
Collier Township,905,2020,4.1,NA
Collier Township,905,2021,4.1,NA
Collier Township,905,2022,4.1,NA
Collier Township,905,2023,4.1,NA
Collier Township,905,2024,4.1,NA
Collier Township,905,2025,3.7,NA
Coraopolis Borough,817,2018,12.5,NA
Coraopolis Borough,817,2019,12.5,NA
Coraopolis Borough,817,2020,12.5,NA
Coraopolis Borough,817,2021,12.5,NA
Coraopolis Borough,817,2022,12.5,NA
Coraopolis Borough,817,2023,12.5,NA
Coraopolis Borough,817,2024,12.5,NA
Coraopolis Borough,817,2025,12.5,NA
Crafton Borough,818,2018,7.59,NA
Crafton Borough,818,2019,7.59,NA
Crafton Borough,818,2020,7.59,NA
Crafton Borough,818,2021,8.59,NA
Crafton Borough,818,2022,8.59,NA
Crafton Borough,818,2023,8.59,NA
Crafton Borough,818,2024,8.59,NA
Crafton Borough,818,2025,8.59,NA
Crescent Township,906,2018,6.4,NA
Crescent Township,906,2019,4.9,NA
Crescent Township,906,2020,4.9,NA
Crescent Township,906,2021,4.9,NA
Crescent Township,906,2022,4.9,NA
Crescent Township,906,2023,7.4,NA
Crescent Township,906,2024,7.4,NA
Crescent Township,906,2025,8.4,NA
Dormont Borough,819,2018,9.97,NA
Dormont Borough,819,2019,9.97,NA
Dormont Borough,819,2020,9.97,NA
Dormont Borough,819,2021,9.97,NA
Dormont Borough,819,2022,9.97,NA
Dormont Borough,819,2023,10.97,NA
Dormont Borough,819,2024,10.97,NA
Dormont Borough,819,2025,10.97,NA
Dravosburg Borough,820,2018,7.55,NA
Dravosburg Borough,820,2019,7.55,NA
Dravosburg Borough,820,2020,7.55,NA
Dravosburg Borough,820,2021,7.55,NA
Dravosburg Borough,820,2022,7.55,NA
Dravosburg Borough,820,2023,7.55,NA
Dravosburg Borough,820,2024,8.55,NA
Dravosburg Borough,820,2025,8.55,NA
East Deer Township,907,2018,4.9,NA
East Deer Township,907,2019,4.9,NA
East Deer Township,907,2020,4.9,NA
East Deer Township,907,2021,4.9,NA
East Deer Township,907,2022,4.9,NA
East Deer Township,907,2023,4.9,NA
East Deer Township,907,2024,4.65,NA
East Deer Township,907,2025,4.65,NA
East McKeesport Borough,821,2018,7.4,NA
East McKeesport Borough,821,2019,7.4,NA
East McKeesport Borough,821,2020,9.4,NA
East McKeesport Borough,821,2021,9.4,NA
East McKeesport Borough,821,2022,9.4,NA
East McKeesport Borough,821,2023,9.4,NA
East McKeesport Borough,821,2024,9.4,NA
East McKeesport Borough,821,2025,12.4,NA
East Pittsburgh Borough,822,2018,13.45,NA
East Pittsburgh Borough,822,2019,13.45,NA
East Pittsburgh Borough,822,2020,13.45,NA
East Pittsburgh Borough,822,2021,13.45,NA
East Pittsburgh Borough,822,2022,13.45,NA
East Pittsburgh Borough,822,2023,13.45,NA
East Pittsburgh Borough,822,2024,13.45,NA
East Pittsburgh Borough,822,2025,13.45,NA
Edgewood Borough,823,2018,7.185,NA
Edgewood Borough,823,2019,7.185,NA
Edgewood Borough,823,2020,7.185,NA
Edgewood Borough,823,2021,7.185,NA
Edgewood Borough,823,2022,7.185,NA
Edgewood Borough,823,2023,7.185,NA
Edgewood Borough,823,2024,7.185,NA
Edgewood Borough,823,2025,7.185,NA
Edgeworth Borough,824,2018,4.15,NA
Edgeworth Borough,824,2019,4.15,NA
Edgeworth Borough,824,2020,4.15,NA
Edgeworth Borough,824,2021,4.15,NA
Edgeworth Borough,824,2022,4.15,NA
Edgeworth Borough,824,2023,4.15,NA
Edgeworth Borough,824,2024,4.15,NA
Edgeworth Borough,824,2025,4.15,NA
Elizabeth Borough,825,2018,8,NA
Elizabeth Borough,825,2019,8,NA
Elizabeth Borough,825,2020,8.5,NA
Elizabeth Borough,825,2021,8.5,NA
Elizabeth Borough,825,2022,10,NA
Elizabeth Borough,825,2023,10,NA
Elizabeth Borough,825,2024,10,NA
Elizabeth Borough,825,2025,10,NA
Elizabeth Township,908,2018,3.926,NA
Elizabeth Township,908,2019,3.926,NA
Elizabeth Township,908,2020,3.926,NA
Elizabeth Township,908,2021,3.926,NA
Elizabeth Township,908,2022,3.926,NA
Elizabeth Township,908,2023,3.926,NA
Elizabeth Township,908,2024,3.926,NA
Elizabeth Township,908,2025,4.026,NA
Emsworth Borough,826,2018,3.93,NA
Emsworth Borough,826,2019,3.955,NA
Emsworth Borough,826,2020,4.955,NA
Emsworth Borough,826,2021,4.955,NA
Emsworth Borough,826,2022,4.955,NA
Emsworth Borough,826,2023,4.955,NA
Emsworth Borough,826,2024,5.955,NA
Emsworth Borough,826,2025,5.955,NA
Etna Borough,827,2018,8.25,NA
Etna Borough,827,2019,9,NA
Etna Borough,827,2020,9,NA
Etna Borough,827,2021,9,NA
Etna Borough,827,2022,9,NA
Etna Borough,827,2023,9,NA
Etna Borough,827,2024,9,NA
Etna Borough,827,2025,9.5,NA
Fawn Township,909,2018,3.04,NA
Fawn Township,909,2019,3.04,NA
Fawn Township,909,2020,3.04,NA
Fawn Township,909,2021,3.04,NA
Fawn Township,909,2022,3.04,NA
Fawn Township,909,2023,3.04,NA
Fawn Township,909,2024,3.04,NA
Fawn Township,909,2025,3.04,NA
Findlay Township,910,2018,1.6,NA
Findlay Township,910,2019,1.6,NA
Findlay Township,910,2020,1.6,NA
Findlay Township,910,2021,1.6,NA
Findlay Township,910,2022,1.6,NA
Findlay Township,910,2023,1.6,NA
Findlay Township,910,2024,1.6,NA
Findlay Township,910,2025,1.6,NA
Forest Hills Borough,828,2018,8,NA
Forest Hills Borough,828,2019,8,NA
Forest Hills Borough,828,2020,8,NA
Forest Hills Borough,828,2021,8,NA
Forest Hills Borough,828,2022,8,NA
Forest Hills Borough,828,2023,8,NA
Forest Hills Borough,828,2024,8,NA
Forest Hills Borough,828,2025,8.75,NA
Forward Township,911,2018,1.95,NA
Forward Township,911,2019,1.95,NA
Forward Township,911,2020,1.95,NA
Forward Township,911,2021,1.95,NA
Forward Township,911,2022,1.95,NA
Forward Township,911,2023,1.95,NA
Forward Township,911,2024,1,NA
Forward Township,911,2025,1,NA
Fox Chapel Borough,868,2018,2.5,NA
Fox Chapel Borough,868,2019,2.95,NA
Fox Chapel Borough,868,2020,2.95,NA
Fox Chapel Borough,868,2021,2.95,NA
Fox Chapel Borough,868,2022,2.95,NA
Fox Chapel Borough,868,2023,2.95,NA
Fox Chapel Borough,868,2024,2.95,NA
Fox Chapel Borough,868,2025,2.95,NA
Franklin Park Borough,884,2018,1.29,NA
Franklin Park Borough,884,2019,1.29,NA
Franklin Park Borough,884,2020,1.29,NA
Franklin Park Borough,884,2021,1.29,NA
Franklin Park Borough,884,2022,1.29,NA
Franklin Park Borough,884,2023,1.29,NA
Franklin Park Borough,884,2024,1.29,NA
Franklin Park Borough,884,2025,1.59,NA
Frazer Township,913,2018,1.42,NA
Frazer Township,913,2019,1.42,NA
Frazer Township,913,2020,1.42,NA
Frazer Township,913,2021,2.5,NA
Frazer Township,913,2022,2.5,NA
Frazer Township,913,2023,3.5,NA
Frazer Township,913,2024,3.5,NA
Frazer Township,913,2025,3.5,NA
Glassport Borough,829,2018,11.99,NA
Glassport Borough,829,2019,11.99,NA
Glassport Borough,829,2020,13.99,NA
Glassport Borough,829,2021,15.49,NA
Glassport Borough,829,2022,15.49,NA
Glassport Borough,829,2023,15.49,NA
Glassport Borough,829,2024,15.49,NA
Glassport Borough,829,2025,17.49,NA
Glen Osborne Borough,846,2018,5.2,NA
Glen Osborne Borough,846,2019,5.2,NA
Glen Osborne Borough,846,2020,4.15,NA
Glen Osborne Borough,846,2021,5.2,NA
Glen Osborne Borough,846,2022,4.9,NA
Glen Osborne Borough,846,2023,4.9,NA
Glen Osborne Borough,846,2024,4.9,NA
Glen Osborne Borough,846,2025,4.9,NA
Glenfield Borough,830,2018,4.15,NA
Glenfield Borough,830,2019,4.15,NA
Glenfield Borough,830,2020,5.2,NA
Glenfield Borough,830,2021,4.15,NA
Glenfield Borough,830,2022,4.15,NA
Glenfield Borough,830,2023,4.15,NA
Glenfield Borough,830,2024,4.15,NA
Glenfield Borough,830,2025,4.15,NA
Green Tree Borough,831,2018,3.61,NA
Green Tree Borough,831,2019,3.61,NA
Green Tree Borough,831,2020,4.61,NA
Green Tree Borough,831,2021,4.61,NA
Green Tree Borough,831,2022,4.61,NA
Green Tree Borough,831,2023,4.61,NA
Green Tree Borough,831,2024,4.61,NA
Green Tree Borough,831,2025,4.61,NA
Hampton Township,914,2018,2.4966,NA
Hampton Township,914,2019,2.9241,NA
Hampton Township,914,2020,2.9241,NA
Hampton Township,914,2021,2.9241,NA
Hampton Township,914,2022,2.9241,NA
Hampton Township,914,2023,2.9241,NA
Hampton Township,914,2024,2.9241,NA
Hampton Township,914,2025,2.9241,NA
Harmar Township,915,2018,3.45,NA
Harmar Township,915,2019,3.45,NA
Harmar Township,915,2020,3.45,NA
Harmar Township,915,2021,2.9,NA
Harmar Township,915,2022,3.15,NA
Harmar Township,915,2023,3.15,NA
Harmar Township,915,2024,3.15,NA
Harmar Township,915,2025,3.15,NA
Harrison Township,916,2018,5.106,NA
Harrison Township,916,2019,5.106,NA
Harrison Township,916,2020,5.106,NA
Harrison Township,916,2021,5.106,NA
Harrison Township,916,2022,5.106,NA
Harrison Township,916,2023,5.106,NA
Harrison Township,916,2024,5.106,NA
Harrison Township,916,2025,5.606,NA
Haysville Borough,832,2018,4.6095,NA
Haysville Borough,832,2019,4.6095,NA
Haysville Borough,832,2020,4.8399,NA
Haysville Borough,832,2021,5.08,NA
Haysville Borough,832,2022,5.08,NA
Haysville Borough,832,2023,5.5,NA
Haysville Borough,832,2024,5.775,NA
Haysville Borough,832,2025,6.063,NA
Heidelberg Borough,833,2018,6.95,NA
Heidelberg Borough,833,2019,7.95,NA
Heidelberg Borough,833,2020,7.95,NA
Heidelberg Borough,833,2021,7.95,NA
Heidelberg Borough,833,2022,7.95,NA
Heidelberg Borough,833,2023,7.95,NA
Heidelberg Borough,833,2024,7.95,NA
Heidelberg Borough,833,2025,9.45,NA
Homestead Borough,834,2018,13.33,NA
Homestead Borough,834,2019,13.33,NA
Homestead Borough,834,2020,13.33,NA
Homestead Borough,834,2021,13.33,NA
Homestead Borough,834,2022,13.33,NA
Homestead Borough,834,2023,15.33,NA
Homestead Borough,834,2024,15.33,NA
Homestead Borough,834,2025,15.33,NA
Indiana Township,917,2018,3.47,NA
Indiana Township,917,2019,3.47,NA
Indiana Township,917,2020,3.47,NA
Indiana Township,917,2021,3.47,NA
Indiana Township,917,2022,3.47,NA
Indiana Township,917,2023,3.47,NA
Indiana Township,917,2024,3.47,NA
Indiana Township,917,2025,3.47,NA
Ingram Borough,835,2018,5.9,NA
Ingram Borough,835,2019,5.9,NA
Ingram Borough,835,2020,5.9,NA
Ingram Borough,835,2021,5.9,NA
Ingram Borough,835,2022,5.9,NA
Ingram Borough,835,2023,5.9,NA
Ingram Borough,835,2024,5.9,NA
Ingram Borough,835,2025,6.4,NA
Jefferson Hills Borough,878,2018,5.66,NA
Jefferson Hills Borough,878,2019,5.66,NA
Jefferson Hills Borough,878,2020,5.66,NA
Jefferson Hills Borough,878,2021,5.66,NA
Jefferson Hills Borough,878,2022,5.66,NA
Jefferson Hills Borough,878,2023,5.66,NA
Jefferson Hills Borough,878,2024,5.66,NA
Jefferson Hills Borough,878,2025,5.66,NA
Kennedy Township,919,2018,2.25,NA
Kennedy Township,919,2019,2.25,NA
Kennedy Township,919,2020,2.35,NA
Kennedy Township,919,2021,2.35,NA
Kennedy Township,919,2022,2.35,NA
Kennedy Township,919,2023,2.35,NA
Kennedy Township,919,2024,2.5,NA
Kennedy Township,919,2025,2.5,NA
Kilbuck Township,920,2018,4.9,NA
Kilbuck Township,920,2019,4.9,NA
Kilbuck Township,920,2020,4.9,NA
Kilbuck Township,920,2021,4.9,NA
Kilbuck Township,920,2022,4.9,NA
Kilbuck Township,920,2023,4.29,NA
Kilbuck Township,920,2024,3.79,NA
Kilbuck Township,920,2025,3.79,NA
Leet Township,921,2018,6.7,NA
Leet Township,921,2019,7.7,NA
Leet Township,921,2020,7.7,NA
Leet Township,921,2021,7.7,NA
Leet Township,921,2022,7.7,NA
Leet Township,921,2023,7.7,NA
Leet Township,921,2024,7.7,NA
Leet Township,921,2025,9.1,NA
Leetsdale Borough,836,2018,10,NA
Leetsdale Borough,836,2019,10,NA
Leetsdale Borough,836,2020,10,NA
Leetsdale Borough,836,2021,10,NA
Leetsdale Borough,836,2022,9,NA
Leetsdale Borough,836,2023,9,NA
Leetsdale Borough,836,2024,9,NA
Leetsdale Borough,836,2025,9,NA
Liberty Borough,837,2018,8,NA
Liberty Borough,837,2019,8,NA
Liberty Borough,837,2020,8,NA
Liberty Borough,837,2021,8,NA
Liberty Borough,837,2022,8,NA
Liberty Borough,837,2023,8,NA
Liberty Borough,837,2024,8,NA
Liberty Borough,837,2025,8,NA
Lincoln Borough,881,2018,6.5,NA
Lincoln Borough,881,2019,6.5,NA
Lincoln Borough,881,2020,9,NA
Lincoln Borough,881,2021,9,NA
Lincoln Borough,881,2022,9,NA
Lincoln Borough,881,2023,9,NA
Lincoln Borough,881,2024,10,NA
Lincoln Borough,881,2025,10,NA
Marshall Township,923,2018,1.42,NA
Marshall Township,923,2019,1.42,NA
Marshall Township,923,2020,1.42,NA
Marshall Township,923,2021,1.42,NA
Marshall Township,923,2022,1.42,NA
Marshall Township,923,2023,1.42,NA
Marshall Township,923,2024,1.42,NA
Marshall Township,923,2025,1.42,NA
McCandless Township,927,2018,1.236,NA
McCandless Township,927,2019,1.236,NA
McCandless Township,927,2020,1.236,NA
McCandless Township,927,2021,1.236,NA
McCandless Township,927,2022,1.236,NA
McCandless Township,927,2023,1.236,NA
McCandless Township,927,2024,1.236,NA
McCandless Township,927,2025,1.236,NA
McDonald Borough,841,2018,40.75,NA
McDonald Borough,841,2019,33.9,NA
McDonald Borough,841,2020,3.39,NA
McDonald Borough,841,2021,3.39,NA
McDonald Borough,841,2022,3.39,NA
McDonald Borough,841,2023,3.39,NA
McDonald Borough,841,2024,3.39,NA
McDonald Borough,841,2025,3.39,NA
McKees Rocks Borough,842,2018,9.4,NA
McKees Rocks Borough,842,2019,9.4,NA
McKees Rocks Borough,842,2020,9.4,NA
McKees Rocks Borough,842,2021,9.4,NA
McKees Rocks Borough,842,2022,9.4,NA
McKees Rocks Borough,842,2023,9.4,NA
McKees Rocks Borough,842,2024,9.4,NA
McKees Rocks Borough,842,2025,9.4,NA
Millvale Borough,838,2018,10,NA
Millvale Borough,838,2019,10,NA
Millvale Borough,838,2020,10,NA
Millvale Borough,838,2021,10,NA
Millvale Borough,838,2022,9.5,NA
Millvale Borough,838,2023,9.5,NA
Millvale Borough,838,2024,9.5,NA
Millvale Borough,838,2025,9.5,NA
Monroeville Municipality,879,2018,4,NA
Monroeville Municipality,879,2019,4,NA
Monroeville Municipality,879,2020,4,NA
Monroeville Municipality,879,2021,4,NA
Monroeville Municipality,879,2022,4,NA
Monroeville Municipality,879,2023,4,NA
Monroeville Municipality,879,2024,4,NA
Monroeville Municipality,879,2025,5.5,NA
Moon Township,925,2018,2.74,NA
Moon Township,925,2019,2.74,NA
Moon Township,925,2020,2.74,NA
Moon Township,925,2021,2.74,NA
Moon Township,925,2022,2.74,NA
Moon Township,925,2023,2.74,NA
Moon Township,925,2024,2.74,NA
Moon Township,925,2025,2.74,NA
Mount Lebanon,926,2018,4.71,NA
Mount Lebanon,926,2019,4.71,NA
Mount Lebanon,926,2020,4.71,NA
Mount Lebanon,926,2021,4.71,NA
Mount Lebanon,926,2022,4.91,NA
Mount Lebanon,926,2023,4.91,NA
Mount Lebanon,926,2024,4.5,NA
Mount Lebanon,926,2025,4.5,NA
Mount Oliver Borough,839,2018,13.5,NA
Mount Oliver Borough,839,2019,13.5,NA
Mount Oliver Borough,839,2020,13.5,NA
Mount Oliver Borough,839,2021,13.5,NA
Mount Oliver Borough,839,2022,13.5,NA
Mount Oliver Borough,839,2023,13.5,NA
Mount Oliver Borough,839,2024,15.5,NA
Mount Oliver Borough,839,2025,16.5,NA
Munhall Borough,840,2018,10.75,NA
Munhall Borough,840,2019,10.75,NA
Munhall Borough,840,2020,10.75,NA
Munhall Borough,840,2021,10.75,NA
Munhall Borough,840,2022,10.75,NA
Munhall Borough,840,2023,13.75,NA
Munhall Borough,840,2024,13.75,NA
Munhall Borough,840,2025,13.92,NA
Neville Township,928,2018,4.95,NA
Neville Township,928,2019,4.95,NA
Neville Township,928,2020,4.95,NA
Neville Township,928,2021,4.95,NA
Neville Township,928,2022,4.95,NA
Neville Township,928,2023,4.95,NA
Neville Township,928,2024,5.45,NA
Neville Township,928,2025,5.2917,NA
North Braddock Borough,843,2018,11,NA
North Braddock Borough,843,2019,11,NA
North Braddock Borough,843,2020,11,NA
North Braddock Borough,843,2021,11,NA
North Braddock Borough,843,2022,11,NA
North Braddock Borough,843,2023,11,NA
North Braddock Borough,843,2024,11,NA
North Braddock Borough,843,2025,12.5,NA
North Fayette Township,929,2018,3.29,NA
North Fayette Township,929,2019,3.29,NA
North Fayette Township,929,2020,3.29,NA
North Fayette Township,929,2021,3.29,NA
North Fayette Township,929,2022,3.29,NA
North Fayette Township,929,2023,3.29,NA
North Fayette Township,929,2024,3.29,NA
North Fayette Township,929,2025,3.29,NA
North Versailles Township,930,2018,7.75,NA
North Versailles Township,930,2019,7.75,NA
North Versailles Township,930,2020,7.75,NA
North Versailles Township,930,2021,7.75,NA
North Versailles Township,930,2022,7.75,NA
North Versailles Township,930,2023,7.75,NA
North Versailles Township,930,2024,7.75,NA
North Versailles Township,930,2025,7.75,NA
O'Hara Township,931,2018,1.725,NA
O'Hara Township,931,2019,1.9,NA
O'Hara Township,931,2020,2.1,NA
O'Hara Township,931,2021,5,NA
O'Hara Township,931,2022,2.1,NA
O'Hara Township,931,2023,2.1,NA
O'Hara Township,931,2024,2.1,NA
O'Hara Township,931,2025,2.4,NA
Oakdale Borough,844,2018,5,NA
Oakdale Borough,844,2019,5,NA
Oakdale Borough,844,2020,5,NA
Oakdale Borough,844,2021,3.73,NA
Oakdale Borough,844,2022,3.73,NA
Oakdale Borough,844,2023,5,NA
Oakdale Borough,844,2024,5,NA
Oakdale Borough,844,2025,5,NA
Oakmont Borough,845,2018,3.73,NA
Oakmont Borough,845,2019,3.73,NA
Oakmont Borough,845,2020,3.73,NA
Oakmont Borough,845,2021,2.1,NA
Oakmont Borough,845,2022,2.1,NA
Oakmont Borough,845,2023,3.73,NA
Oakmont Borough,845,2024,3.73,NA
Oakmont Borough,845,2025,4.95,NA
Ohio Township,932,2018,2.29,NA
Ohio Township,932,2019,3.09,NA
Ohio Township,932,2020,3.09,NA
Ohio Township,932,2021,3.09,NA
Ohio Township,932,2022,3.09,NA
Ohio Township,932,2023,3.09,NA
Ohio Township,932,2024,3.09,NA
Ohio Township,932,2025,3.69,NA
Penn Hills Township,934,2018,5.444,NA
Penn Hills Township,934,2019,6.444,NA
Penn Hills Township,934,2020,6.444,NA
Penn Hills Township,934,2021,6.444,NA
Penn Hills Township,934,2022,6.444,NA
Penn Hills Township,934,2023,6.444,NA
Penn Hills Township,934,2024,6.444,NA
Penn Hills Township,934,2025,6.944,NA
Pennsbury Village,871,2018,4.8,NA
Pennsbury Village,871,2019,4.8,NA
Pennsbury Village,871,2020,5.7,NA
Pennsbury Village,871,2021,5.7,NA
Pennsbury Village,871,2022,6.2,NA
Pennsbury Village,871,2023,6.4,NA
Pennsbury Village,871,2024,6.6,NA
Pennsbury Village,871,2025,6.8,NA
Pine Township,935,2018,0.998,NA
Pine Township,935,2019,0.998,NA
Pine Township,935,2020,0.998,NA
Pine Township,935,2021,0.998,NA
Pine Township,935,2022,0.998,NA
Pine Township,935,2023,0.998,NA
Pine Township,935,2024,0.998,NA
Pine Township,935,2025,0.998,NA
Pitcairn Borough,847,2018,8.75,NA
Pitcairn Borough,847,2019,8.75,NA
Pitcairn Borough,847,2020,9.25,NA
Pitcairn Borough,847,2021,9.25,NA
Pitcairn Borough,847,2022,9.25,NA
Pitcairn Borough,847,2023,9.25,NA
Pitcairn Borough,847,2024,10.25,NA
Pitcairn Borough,847,2025,10.25,NA
Pleasant Hills Borough,873,2018,6.75,NA
Pleasant Hills Borough,873,2019,6.75,NA
Pleasant Hills Borough,873,2020,6.75,NA
Pleasant Hills Borough,873,2021,7.75,NA
Pleasant Hills Borough,873,2022,7.75,NA
Pleasant Hills Borough,873,2023,9.5,NA
Pleasant Hills Borough,873,2024,9.5,NA
Pleasant Hills Borough,873,2025,11.5,NA
Plum Borough,880,2018,4.78,NA
Plum Borough,880,2019,4.78,NA
Plum Borough,880,2020,4.78,NA
Plum Borough,880,2021,4.78,NA
Plum Borough,880,2022,4.78,NA
Plum Borough,880,2023,4.78,NA
Plum Borough,880,2024,6.63,NA
Plum Borough,880,2025,6.63,NA
Port Vue Borough,848,2018,8.4,NA
Port Vue Borough,848,2019,8.4,NA
Port Vue Borough,848,2020,8.4,NA
Port Vue Borough,848,2021,8.4,NA
Port Vue Borough,848,2022,8.4,NA
Port Vue Borough,848,2023,8.4,NA
Port Vue Borough,848,2024,8.4,NA
Port Vue Borough,848,2025,8.4,NA
Rankin Borough,849,2018,9.6928,NA
Rankin Borough,849,2019,9.6928,NA
Rankin Borough,849,2020,9.6928,NA
Rankin Borough,849,2021,9.6928,NA
Rankin Borough,849,2022,9.6928,NA
Rankin Borough,849,2023,9.6928,NA
Rankin Borough,849,2024,9.6928,NA
Rankin Borough,849,2025,11.6928,NA
Reserve Township,937,2018,4.47,NA
Reserve Township,937,2019,5.47,NA
Reserve Township,937,2020,5.47,NA
Reserve Township,937,2021,5.47,NA
Reserve Township,937,2022,5.47,NA
Reserve Township,937,2023,5.47,NA
Reserve Township,937,2024,5.47,NA
Reserve Township,937,2025,6.47,NA
Richland Township,938,2018,2.2,NA
Richland Township,938,2019,2.2,NA
Richland Township,938,2020,2.2,NA
Richland Township,938,2021,2.2,NA
Richland Township,938,2022,2.69,NA
Richland Township,938,2023,2.69,NA
Richland Township,938,2024,2.69,NA
Richland Township,938,2025,2.69,NA
Robinson Township,939,2018,3.2,NA
Robinson Township,939,2019,3.2,NA
Robinson Township,939,2020,3.2,NA
Robinson Township,939,2021,3.2,NA
Robinson Township,939,2022,3.2,NA
Robinson Township,939,2023,3.2,NA
Robinson Township,939,2024,3.2,NA
Robinson Township,939,2025,3.2,NA
Ross Township,940,2018,2.7,NA
Ross Township,940,2019,2.7,NA
Ross Township,940,2020,2.7,NA
Ross Township,940,2021,2.7,NA
Ross Township,940,2022,2.7,NA
Ross Township,940,2023,2.7,NA
Ross Township,940,2024,2.7,NA
Ross Township,940,2025,3.7,NA
Rosslyn Farms Borough,850,2018,8,NA
Rosslyn Farms Borough,850,2019,8,NA
Rosslyn Farms Borough,850,2020,8,NA
Rosslyn Farms Borough,850,2021,8,NA
Rosslyn Farms Borough,850,2022,8,NA
Rosslyn Farms Borough,850,2023,8,NA
Rosslyn Farms Borough,850,2024,8,NA
Rosslyn Farms Borough,850,2025,8,NA
Scott Township,941,2018,5.33,NA
Scott Township,941,2019,5.1711,NA
Scott Township,941,2020,5.1711,NA
Scott Township,941,2021,5.1711,NA
Scott Township,941,2022,5.1711,NA
Scott Township,941,2023,5.1711,NA
Scott Township,941,2024,7.9741,NA
Scott Township,941,2025,7.9741,NA
Sewickley Borough,851,2018,6.5,NA
Sewickley Borough,851,2019,6.25,NA
Sewickley Borough,851,2020,6.25,NA
Sewickley Borough,851,2021,6.25,NA
Sewickley Borough,851,2022,6.25,NA
Sewickley Borough,851,2023,6.25,NA
Sewickley Borough,851,2024,6.25,NA
Sewickley Borough,851,2025,6.25,NA
Sewickley Heights Borough,869,2018,5.5,NA
Sewickley Heights Borough,869,2019,5.5,NA
Sewickley Heights Borough,869,2020,5.5,NA
Sewickley Heights Borough,869,2021,5.5,NA
Sewickley Heights Borough,869,2022,5.5,NA
Sewickley Heights Borough,869,2023,5.5,NA
Sewickley Heights Borough,869,2024,5.5,NA
Sewickley Heights Borough,869,2025,5.5,NA
Sewickley Hills Borough,882,2018,2.84,NA
Sewickley Hills Borough,882,2019,2.84,NA
Sewickley Hills Borough,882,2020,2.84,NA
Sewickley Hills Borough,882,2021,2.84,NA
Sewickley Hills Borough,882,2022,2.84,NA
Sewickley Hills Borough,882,2023,2.84,NA
Sewickley Hills Borough,882,2024,2.84,NA
Sewickley Hills Borough,882,2025,2.84,NA
Shaler Township,944,2018,2.49,NA
Shaler Township,944,2019,2.49,NA
Shaler Township,944,2020,3.49,NA
Shaler Township,944,2021,3.49,NA
Shaler Township,944,2022,3.49,NA
Shaler Township,944,2023,3.49,NA
Shaler Township,944,2024,3.49,NA
Shaler Township,944,2025,3.49,NA
Sharpsburg Borough,852,2018,7.15,NA
Sharpsburg Borough,852,2019,7.15,NA
Sharpsburg Borough,852,2020,7.5,NA
Sharpsburg Borough,852,2021,7.5,NA
Sharpsburg Borough,852,2022,8.25,NA
Sharpsburg Borough,852,2023,9.75,NA
Sharpsburg Borough,852,2024,9.75,NA
Sharpsburg Borough,852,2025,9.75,NA
South Fayette Township,946,2018,4.73,NA
South Fayette Township,946,2019,4.73,NA
South Fayette Township,946,2020,4.73,NA
South Fayette Township,946,2021,4.73,NA
South Fayette Township,946,2022,4.73,NA
South Fayette Township,946,2023,4.73,NA
South Fayette Township,946,2024,4.73,NA
South Fayette Township,946,2025,5.98,NA
South Park Township,945,2018,3.062,NA
South Park Township,945,2019,3.062,NA
South Park Township,945,2020,3.062,NA
South Park Township,945,2021,3.062,NA
South Park Township,945,2022,3.062,NA
South Park Township,945,2023,3.062,NA
South Park Township,945,2024,3.062,NA
South Park Township,945,2025,3.062,NA
South Versailles Township,947,2018,2.9,NA
South Versailles Township,947,2019,2.9,NA
South Versailles Township,947,2020,2.9,NA
South Versailles Township,947,2021,2.9,NA
South Versailles Township,947,2022,2.9,NA
South Versailles Township,947,2023,2.9,NA
South Versailles Township,947,2024,2.9,NA
South Versailles Township,947,2025,2.9,NA
Springdale Borough,853,2018,7.75,NA
Springdale Borough,853,2019,7.75,NA
Springdale Borough,853,2020,8.25,NA
Springdale Borough,853,2021,8.25,NA
Springdale Borough,853,2022,8.25,NA
Springdale Borough,853,2023,8.25,NA
Springdale Borough,853,2024,8.25,NA
Springdale Borough,853,2025,9.75,NA
Springdale Township,948,2018,6.5,NA
Springdale Township,948,2019,6.5,NA
Springdale Township,948,2020,6.5,NA
Springdale Township,948,2021,6.5,NA
Springdale Township,948,2022,6.5,NA
Springdale Township,948,2023,6.5,NA
Springdale Township,948,2024,6.5,NA
Springdale Township,948,2025,9.5,NA
Stowe Township,949,2018,10.48,NA
Stowe Township,949,2019,10.48,NA
Stowe Township,949,2020,10.48,NA
Stowe Township,949,2021,10.48,NA
Stowe Township,949,2022,10.48,NA
Stowe Township,949,2023,10.48,NA
Stowe Township,949,2024,10.48,NA
Stowe Township,949,2025,10.48,NA
Swissvale Borough,854,2018,8,NA
Swissvale Borough,854,2019,8,NA
Swissvale Borough,854,2020,8,NA
Swissvale Borough,854,2021,8,NA
Swissvale Borough,854,2022,8,NA
Swissvale Borough,854,2023,9,NA
Swissvale Borough,854,2024,9,NA
Swissvale Borough,854,2025,9,NA
Tarentum Borough,855,2018,5.48,NA
Tarentum Borough,855,2019,5.48,NA
Tarentum Borough,855,2020,5.48,NA
Tarentum Borough,855,2021,5.48,NA
Tarentum Borough,855,2022,5.48,NA
Tarentum Borough,855,2023,5.48,NA
Tarentum Borough,855,2024,5.48,NA
Tarentum Borough,855,2025,5.98,NA
Thornburg Borough,856,2018,5.6,NA
Thornburg Borough,856,2019,5.6,NA
Thornburg Borough,856,2020,5.6,NA
Thornburg Borough,856,2021,5.6,NA
Thornburg Borough,856,2022,6.6,NA
Thornburg Borough,856,2023,6.6,NA
Thornburg Borough,856,2024,6.6,NA
Thornburg Borough,856,2025,6.6,NA
Trafford Borough,857,2018,31.5,NA
Trafford Borough,857,2019,31.5,NA
Trafford Borough,857,2020,31.5,NA
Trafford Borough,857,2021,31.5,NA
Trafford Borough,857,2022,31.5,NA
Trafford Borough,857,2023,31.5,NA
Trafford Borough,857,2024,31.5,NA
Trafford Borough,857,2025,31.5,NA
Turtle Creek Borough,858,2018,9.5,NA
Turtle Creek Borough,858,2019,9.5,NA
Turtle Creek Borough,858,2020,9.5,NA
Turtle Creek Borough,858,2021,9.5,NA
Turtle Creek Borough,858,2022,9.5,NA
Turtle Creek Borough,858,2023,10,NA
Turtle Creek Borough,858,2024,10,NA
Turtle Creek Borough,858,2025,10,NA
Upper St. Clair Township,950,2018,3.83,NA
Upper St. Clair Township,950,2019,3.83,NA
Upper St. Clair Township,950,2020,3.83,NA
Upper St. Clair Township,950,2021,3.83,NA
Upper St. Clair Township,950,2022,3.83,NA
Upper St. Clair Township,950,2023,3.83,NA
Upper St. Clair Township,950,2024,3.83,NA
Upper St. Clair Township,950,2025,3.83,NA
Verona Borough,859,2018,7.8,NA
Verona Borough,859,2019,7.8,NA
Verona Borough,859,2020,7.8,NA
Verona Borough,859,2021,7.8,NA
Verona Borough,859,2022,9.7,NA
Verona Borough,859,2023,9.7,NA
Verona Borough,859,2024,9.7,NA
Verona Borough,859,2025,10.7,NA
Versailles Borough,860,2018,7,NA
Versailles Borough,860,2019,8,NA
Versailles Borough,860,2020,8,NA
Versailles Borough,860,2021,8,NA
Versailles Borough,860,2022,8,NA
Versailles Borough,860,2023,8,NA
Versailles Borough,860,2024,8,NA
Versailles Borough,860,2025,8,NA
Wall Borough,861,2018,7.22,NA
Wall Borough,861,2019,7.22,NA
Wall Borough,861,2020,7.22,NA
Wall Borough,861,2021,7.22,NA
Wall Borough,861,2022,7.22,NA
Wall Borough,861,2023,7.22,NA
Wall Borough,861,2024,9,NA
Wall Borough,861,2025,9,NA
West Deer Township,952,2018,2.99,NA
West Deer Township,952,2019,2.99,NA
West Deer Township,952,2020,2.99,NA
West Deer Township,952,2021,2.99,NA
West Deer Township,952,2022,2.99,NA
West Deer Township,952,2023,2.99,NA
West Deer Township,952,2024,2.9,NA
West Deer Township,952,2025,2.9,NA
West Elizabeth Borough,862,2018,3.93,NA
West Elizabeth Borough,862,2019,4.55,NA
West Elizabeth Borough,862,2020,4.55,NA
West Elizabeth Borough,862,2021,4.55,NA
West Elizabeth Borough,862,2022,4.55,NA
West Elizabeth Borough,862,2023,4.55,NA
West Elizabeth Borough,862,2024,4.55,NA
West Elizabeth Borough,862,2025,4.55,NA
West Homestead Borough,863,2018,8.8,NA
West Homestead Borough,863,2019,8.8,NA
West Homestead Borough,863,2020,8.8,NA
West Homestead Borough,863,2021,8.8,NA
West Homestead Borough,863,2022,8.8,NA
West Homestead Borough,863,2023,8.8,NA
West Homestead Borough,863,2024,8.8,NA
West Homestead Borough,863,2025,11.75,NA
West Mifflin Borough,870,2018,7.88,NA
West Mifflin Borough,870,2019,8.88,NA
West Mifflin Borough,870,2020,9.38,NA
West Mifflin Borough,870,2021,9.38,NA
West Mifflin Borough,870,2022,9.98,NA
West Mifflin Borough,870,2023,9.98,NA
West Mifflin Borough,870,2024,10.53,NA
West Mifflin Borough,870,2025,10.53,NA
West View Borough,864,2018,5.4,NA
West View Borough,864,2019,5.4,NA
West View Borough,864,2020,6.3,NA
West View Borough,864,2021,6.3,NA
West View Borough,864,2022,6.3,NA
West View Borough,864,2023,6.3,NA
West View Borough,864,2024,6.3,NA
West View Borough,864,2025,6.3,NA
Whitaker Borough,865,2018,10.5,NA
Whitaker Borough,865,2019,10.5,NA
Whitaker Borough,865,2020,10.5,NA
Whitaker Borough,865,2021,10.5,NA
Whitaker Borough,865,2022,10.5,NA
Whitaker Borough,865,2023,11.5,NA
Whitaker Borough,865,2024,12.5,NA
Whitaker Borough,865,2025,12.5,NA
White Oak Borough,875,2018,6.41,NA
White Oak Borough,875,2019,6.41,NA
White Oak Borough,875,2020,6.41,NA
White Oak Borough,875,2021,8,NA
White Oak Borough,875,2022,8,NA
White Oak Borough,875,2023,8,NA
White Oak Borough,875,2024,9,NA
White Oak Borough,875,2025,9,NA
Whitehall Borough,874,2018,4.42,NA
Whitehall Borough,874,2019,4.42,NA
Whitehall Borough,874,2020,4.42,NA
Whitehall Borough,874,2021,4.42,NA
Whitehall Borough,874,2022,4.42,NA
Whitehall Borough,874,2023,4.42,NA
Whitehall Borough,874,2024,4.92,NA
Whitehall Borough,874,2025,5.42,NA
Wilkins Township,953,2018,5.675,NA
Wilkins Township,953,2019,5.674,NA
Wilkins Township,953,2020,5.674,NA
Wilkins Township,953,2021,5.674,NA
Wilkins Township,953,2022,6.174,NA
Wilkins Township,953,2023,6.174,NA
Wilkins Township,953,2024,6.174,NA
Wilkins Township,953,2025,7.174,NA
Wilkinsburg Borough,866,2018,14,NA
Wilkinsburg Borough,866,2019,14,NA
Wilkinsburg Borough,866,2020,14,NA
Wilkinsburg Borough,866,2021,14,NA
Wilkinsburg Borough,866,2022,14,NA
Wilkinsburg Borough,866,2023,14,NA
Wilkinsburg Borough,866,2024,14,NA
Wilkinsburg Borough,866,2025,14,NA
Wilmerding Borough,867,2018,10,NA
Wilmerding Borough,867,2019,11,NA
Wilmerding Borough,867,2020,11,NA
Wilmerding Borough,867,2021,11,NA
Wilmerding Borough,867,2022,13,NA
Wilmerding Borough,867,2023,13,NA
Wilmerding Borough,867,2024,13,NA
Wilmerding Borough,867,2025,13,NA
